background,seasons,nsbmd_member,material,texture,palette,width,height,format,electric_member,grassy_member,misty_member,psychic_member,notes
0,Spring; Summer (fallback); Autumn (fallback); Winter (fallback),74,batt_field04,batt_field01,batt_field01_pl,64,64,256-color,573,574,575,576,
1,Spring; Autumn (fallback); Winter (fallback),77,batt_field01_1,batt_field01,batt_field01_pl,64,64,256-color,577,578,579,580,
1,Summer,79,batt_field23d_1,batt_field23d,batt_field23d_pl,64,64,256-color,581,582,583,584,
2,Spring; Summer (fallback); Autumn (fallback); Winter (fallback),84,batt_field04a_1,batt_field04a,batt_field04a_pl,64,64,256-color,585,586,587,588,
3,Spring; Autumn (fallback); Winter (fallback),87,batt_field04b_1,batt_field04b,batt_field04b_pl,64,64,256-color,589,590,591,592,
3,Summer,89,batt_field04d_1,batt_field04d,batt_field04d_pl,64,64,256-color,593,594,595,596,
4,Spring; Summer (fallback); Autumn (fallback); Winter (fallback),94,batt_field05_1,batt_field05,batt_field05_pl,64,64,256-color,597,598,599,600,
5,Spring; Summer (fallback); Autumn (fallback); Winter (fallback),95,batt_field05_1,batt_field05,batt_field05_pl,64,64,256-color,601,602,603,604,
6,Spring; Summer (fallback); Autumn (fallback); Winter (fallback),96,batt_field07_1,batt_field07,batt_field07_pl,64,64,256-color,605,606,607,608,
7; 16,Spring; Summer (fallback); Autumn (fallback); Winter (fallback),98,batt_field08_1,batt_field08,batt_field08_pl,64,64,256-color,609,610,611,612,
8,Spring; Summer (fallback); Autumn (fallback); Winter (fallback),99,batt_field04,batt_field09,batt_field09_pl,64,64,256-color,613,614,615,616,
9,Spring; Summer (fallback); Autumn (fallback); Winter (fallback),101,batt_field10_1,batt_field10,batt_field10_pl,64,64,256-color,617,618,619,620,
10,Spring; Summer (fallback); Autumn (fallback); Winter (fallback),102,batt_field11_1,batt_field11,batt_field11_pl,64,64,256-color,621,622,623,624,
11,Spring; Summer (fallback); Autumn (fallback); Winter (fallback),103,batt_field04,batt_field14,batt_field14_pl,64,64,256-color,625,626,627,628,
12,Spring; Summer (fallback); Autumn (fallback); Winter (fallback),105,batt_field15_1,batt_field15,batt_field15_pl,64,64,256-color,629,630,631,632,
13,Spring; Summer (fallback); Autumn (fallback); Winter (fallback),107,batt_field15_1,batt_field16,batt_field16_pl,64,64,256-color,633,634,635,636,
14,Spring; Summer (fallback); Autumn (fallback); Winter (fallback),109,batt_field15_1,batt_field17,batt_field17_pl,64,64,256-color,637,638,639,640,
15,Spring; Summer (fallback); Autumn (fallback); Winter (fallback),111,batt_field15_1,batt_field18,batt_field18_pl,64,64,256-color,641,642,643,644,
17,Spring; Summer (fallback); Autumn (fallback); Winter (fallback),113,batt_field04,batt_field20,batt_field20_pl,64,64,256-color,645,646,647,648,
18,Spring; Summer (fallback); Autumn (fallback); Winter (fallback),115,batt_field21n_1,batt_field21n,batt_field21n_pl,128,64,A3I5,649,650,651,652,
19,Spring; Summer (fallback); Autumn (fallback); Winter (fallback),118,batt_fd_vs3_1,batt_fd_vs3,batt_fd_vs3_pl,64,64,256-color,653,654,655,656,
20,Spring; Summer (fallback); Autumn (fallback); Winter (fallback),120,batt_field04,pkwd_field00a,pkwd_field00a_pl,128,64,256-color,657,658,659,660,
21,Spring; Summer (fallback),121,roof_road_1,roof_road,roof_road_pl,32,32,16-color,661,662,663,664,
21,Autumn,123,roof_road_1,roof_road,roof_road_pl,32,32,16-color,665,666,667,668,
21,Winter,125,roof_road_1,roof_road,roof_road_pl,32,32,16-color,669,670,671,672,
22,Spring; Summer (fallback),141,park_ground_1,park_ground,park_ground_pl,32,32,256-color,673,674,675,676,
22,Autumn,143,park_ground_1,park_ground,park_ground_pl,32,32,256-color,677,678,679,680,
22,Winter,145,park_ground,park_ground,park_ground_pl,32,32,256-color,681,682,683,684,
23,Spring; Summer (fallback),161,city_ground_1,city_ground,city_ground_pl,64,64,256-color,685,686,687,688,
23,Autumn,163,city_ground_1,city_ground,city_ground_pl,64,64,256-color,689,690,691,692,
23,Winter,165,city_ground_1,city_ground,city_ground_pl,64,64,256-color,693,694,695,696,
24,Spring; Summer (fallback); Winter (fallback),181,future_line_1,future_line,future_line_pl,32,32,256-color,697,698,699,700,Large untextured base plane also present
24,Autumn,182,future_line_1,future_line,future_line_pl,32,32,256-color,701,702,703,704,Large untextured base plane also present
25,Spring; Summer (fallback),189,sands_sea_1,sands_sea,sands_sea_pl,32,32,16-color,705,706,707,708,
25,Autumn,191,sands_sea_1,sands_sea,sands_sea_pl,32,32,16-color,709,710,711,712,
25,Winter,192,sands_sea_1,sands_sea,sands_sea_pl,32,32,16-color,713,714,715,716,
26,Spring; Summer (fallback),205,wharf_ground_1,wharf_ground,wharf_ground_pl,32,32,256-color,717,718,719,720,
26,Autumn,207,wharf_ground_1,wharf_ground,wharf_ground_pl,32,32,256-color,721,722,723,724,
26,Winter,208,wharf_wave_1,wharf_wave,wharf_wave_pl,32,32,A5I3,725,726,727,728,
27,Spring; Summer (fallback),221,park_ground_1,park_ground,park_ground_pl,32,32,256-color,729,730,731,732,
27,Autumn,223,park_ground_1,park_ground,park_ground_pl,32,32,256-color,733,734,735,736,
27,Winter,224,park_ground_1,park_ground,park_ground_pl,32,32,256-color,737,738,739,740,
28,Spring; Summer (fallback),237,magi_ground_1,magi_ground,magi_ground_pl,32,32,256-color,741,742,743,744,
28,Autumn,239,magi_ground_1,magi_ground2,magi_ground2_pl,32,32,256-color,745,746,747,748,Large untextured base plane also present
28,Winter,240,magi_ground2_1,magi_ground2,magi_ground2_pl,32,32,256-color,749,750,751,752,
29,Spring; Summer (fallback),253,cmtry_ground_1,cmtry_ground,cmtry_ground_pl,32,32,256-color,753,754,755,756,
29,Autumn,255,cmtry_ground_1,cmtry_ground,cmtry_ground_pl,32,32,256-color,757,758,759,760,
29,Winter,257,cmtry_ground_1,cmtry_ground,cmtry_ground_pl,32,32,256-color,761,762,763,764,
30,Spring; Summer (fallback),273,fctry_floor2_1,fctry_floor2,fctry_floor2_pl,32,32,16-color,765,766,767,768,
30,Autumn,275,fctry_floor2_2,fctry_floor2,fctry_floor2_pl,32,32,16-color,769,770,771,772,
30,Winter,277,fctry_floor2_1,fctry_floor2,fctry_floor2_pl,32,32,16-color,773,774,775,776,
31,Spring; Summer (fallback),293,room_ground_1,room_ground,room_ground_pl,32,32,256-color,777,778,779,780,
31,Autumn,295,room_ground_1,room_ground,room_ground_pl,32,32,256-color,781,782,783,784,
31,Winter,297,room_ground_1,room_ground,room_ground_pl,32,32,256-color,785,786,787,788,
32,Spring; Summer (fallback); Winter (fallback),313,city_ground_1,city_ground,city_ground_pl,64,64,256-color,789,790,791,792,
32,Autumn,315,city_ground_1,city_ground,city_ground_pl,64,64,256-color,793,794,795,796,
33,Spring; Summer (fallback); Winter (fallback),325,sky_cloud_1,sky_cloud,sky_cloud_pl,64,64,A3I5,797,798,799,800,Large untextured base plane also present
33,Autumn,327,space_field_1,space_field,space_field_pl,128,128,256-color,801,802,803,804,
34; 35; 36,Spring; Summer (fallback); Autumn (fallback); Winter (fallback),335,batt_field04,pkwd_field01,pkwd_field01_pl,128,64,256-color,805,806,807,808,
37,Spring; Summer (fallback); Autumn (fallback); Winter (fallback),336,batt_field27_1,batt_field27,batt_field27_pl,64,64,256-color,809,810,811,812,
38,Spring; Summer (fallback); Autumn (fallback); Winter (fallback),339,batt_field15_1,batt_field_w1,batt_field_w1_pl,64,64,256-color,813,814,815,816,
39,Spring; Summer (fallback); Autumn (fallback); Winter (fallback),340,batt_field15_1,batt_field_w1,batt_field_w1_pl,64,64,256-color,817,818,819,820,
40,Spring; Summer (fallback); Autumn (fallback); Winter (fallback),341,batt_field15_1,batt_field_w1,batt_field_w1_pl,64,64,256-color,821,822,823,824,
41,Spring; Summer (fallback); Autumn (fallback); Winter (fallback),342,batt_field15_1,batt_field_w1,batt_field_w1_pl,64,64,256-color,825,826,827,828,
42,Spring; Summer (fallback); Autumn (fallback); Winter (fallback),343,batt_field15_1,batt_field_b1,batt_field_b1_pl,64,64,256-color,829,830,831,832,
43,Spring; Summer (fallback); Autumn (fallback); Winter (fallback),344,batt_field15_1,batt_field_b2,batt_field_b2_pl,64,64,256-color,833,834,835,836,
44,Spring; Summer (fallback); Autumn (fallback); Winter (fallback),345,batt_field15_1,batt_field_b3,batt_field_b3_pl,64,64,256-color,837,838,839,840,
45,Spring; Summer (fallback); Autumn (fallback); Winter (fallback),346,batt_field15_1,batt_field_b4,batt_field_b4_pl,64,64,256-color,841,842,843,844,
46,Spring; Summer (fallback); Winter (fallback),347,batt_field31_1,batt_field31,batt_field31_pl,64,64,256-color,845,846,847,848,
46,Autumn,348,batt_field31_1,batt_field31,batt_field31_pl,64,64,256-color,849,850,851,852,
